[{"model": "sessions.session", "pk": "0aga6pm47xj7yckad1zmtwpdltnwec25", "fields": {"session_data": ".eJxVjMEOwiAQRP-FsyFLlkLx6N1vIOwCUjWQlPbU-O-2SQ96m8x7M5vwYV2KX3ua_RTFVShx-e0o8CvVA8RnqI8mudVlnkgeijxpl_cW0_t2un8HJfSyr9ERowYEiwqNMoTR5rRnSzyqHMgMii2aDC4AZNLaWo4aEYDJDaP4fAG9xDb8:1nEWvO:yT_oASRcWA2qbhnGSUqW7J0mvGhfLiG7zyZZyaYsGos", "expire_date": "2022-02-14T13:40:54.222Z"}}, {"model": "sessions.session", "pk": "28597nneqsc42gzb1c7shbpmobxx98gp", "fields": {"session_data": "eyJuZXh0IjoiLyIsInZrLW9hdXRoMl9zdGF0ZSI6ImRWSFJUWVZrUTB5ZUUwTUVTdDZ2MUJ1aFpWSEp2TDVKIn0:1n22Pu:YrV2iNXPs9AMtM2L1QTaRq9KuFHbLGxTB_vxKBhEdd0", "expire_date": "2022-01-11T02:40:46.898Z"}}, {"model": "sessions.session", "pk": "6gabigmksupkr4zg77enrvrpmqx7k7nd", "fields": {"session_data": "eyJuZXh0IjoiLyIsInZrLW9hdXRoMl9zdGF0ZSI6IkI1Z0hYeEpmNHFTRmhWck1NV0tubGh4MUNITjhNV0RaIn0:1n22JN:qNt7sHDDpgit0kyOhswkQwPv6xXAEvxRUAWSeG7iSa4", "expire_date": "2022-01-11T02:34:01.359Z"}}, {"model": "sessions.session", "pk": "7xczke0mn4naxpx57hvjxbapcvxbp8lf", "fields": {"session_data": ".eJxVj8sKwjAQRf8la60xNWnjTlEEXYgbF27CNJk-aG20iSKK_24qIro9l3PvzIO0ePNkSkZkQK710MLFl0w5Dx4D9bsNUpkWh6o75fJcg1mcuF2uxeq2PszvxyCp3lAXh52qTFCY_IcZ6BrbPnFWV9AobTuMPtRF1zrab7azfvXfK8GVQaIiEzrLNeYUmGEioVKOOYgYkyRHg0LEAaYxZxS5pGlKtWSGTpDzeJIlfeln913dgPOqsUXV_hz2_Zs8X8X_WNU:1n2QLd:QOSh-gImFbVsHIdGJs6_aSUVdJDviHEtkYTPhQHpQCw", "expire_date": "2022-01-12T04:13:57.091Z"}}, {"model": "sessions.session", "pk": "9tm5bmrxrosyrzhyppxzskdjrp67yay2", "fields": {"session_data": ".eJxVj1FrwjAUhf9Lnl3NkiZtfFMZFloQlPkakvTWZq3N1sTiGPvvS4eM-fodvnPu_UID3AJaoSVaoKl7cuoaWiJ9UAEivZwKffxs6fvrVJHdy2Z7eCuc_UitqdztWEKU5GzIq4dR2joqRDxCrUwHw5x4Z6zqpXEjJHfqk6lLTuV-Pa8-eq3ybZQw19zoxkCDFakJz7AQz0xxClnWQA2c0whzyggGJnCeYyNIjVNgjKY6m0vvu7_VvfJB9u5sh3-H_f2Nvn8A2QhY6w:1n23Hf:tkErBvSh2KPbF01tLvIw2C2HwHElhsA_n-t2xDdAiaw", "expire_date": "2022-01-11T03:36:19.180Z"}}, {"model": "sessions.session", "pk": "c4eskpqlhacmos4zdlodsarpbutoookw", "fields": {"session_data": ".eJxVj8tOwzAQRf_Fa0gdu3bi7rJpK3XRAoKysybOpHlYsRq7EQLx7zgoQnR7rs69M19kwI9ANmRFHsjUPzq4hYZpHyBgpJ-Wm6lT1_PhOZ-6Ytw6OO3C0_4F0_fz-GqjpGdD3zyOuq2iwtQ9LMH0OMyJd6YFq40bMVmoT6Y-eTsci3n13mvAN1GispSmrA3WFFjFZEaVSgVIjllWY4VS8ghzLhhFoWieU6NYRdcoBF-X2Vy67P5WW_BBW3dph3-H_f1Nvn8AAPZZFA:1n7bpo:rsaE4YVchruJKvC7fkKkuCSoJwjZugaRUkJEOHLaoZM", "expire_date": "2022-01-26T11:30:32.944Z"}}, {"model": "sessions.session", "pk": "g5szaakqjn7a4smtt885ly97mkolaim1", "fields": {"session_data": ".eJxVjDsOwjAQRO_iGlm217-lpOcM1voDDiBbipMKcXcSKQV0o3lv5s0CrUsN6yhzmDI7M8lOv12k9CxtB_lB7d556m2Zp8h3hR908GvP5XU53L-DSqNua3sDISN51MpGZZwDwIxJw5bRiOItCe_IRQStwFgURCilVNkVjzazzxemcjY3:1mttEb:zBk1u5Ds81QR6h0ju0k_gjt8_6ngIug2poQWlBHy0xQ", "expire_date": "2021-12-19T15:15:25.663Z"}}, {"model": "sessions.session", "pk": "hwgefx5nkd6nrjmjgziim4l60gfsz2kg", "fields": {"session_data": ".eJxVjMEOwiAQRP-FsyFLlkLx6N1vIOwCUjWQlPbU-O-2SQ96m8x7M5vwYV2KX3ua_RTFVShx-e0o8CvVA8RnqI8mudVlnkgeijxpl_cW0_t2un8HJfSyr9ERowYEiwqNMoTR5rRnSzyqHMgMii2aDC4AZNLaWo4aEYDJDaP4fAG9xDb8:1nEjED:5DzEGThyj8CtPBaX-aYo7cNwr2jugCi_zHJUJcpoUGk", "expire_date": "2022-02-15T02:49:09.810Z"}}, {"model": "sessions.session", "pk": "j0j1b9smea1p59xz45pvsx1zn7yo9706", "fields": {"session_data": ".eJxVj8sOgjAQRf-la8VabGnduSAuNKIm-Fg1pQyCEEhoIUbjv1uMMbo9N-femQeq4WbRHE3QCPXluFGdzYk0VllwdEeuMT-usw3j8T0898uYR3vahdxs9217ipwkB0N2BlpZpE4h4h8mSpdQD4lpdKEqqZsWvA81Xl96h1W0GFb_vVyZ3EmYJUwnmYYMK5ISFmAhplQxH4IggxQY8x3kPiUYqMCcYy1IimdAqT9LgqH0s_uurpSxsmouRf1z2Pdv9HwBKchYKA:1n7ddk:9MY-bXD847FjQ7srjQsmZOe8VzkowtoWl1wqIyQCO18", "expire_date": "2022-01-26T13:26:12.881Z"}}, {"model": "sessions.session", "pk": "ri0cs1fk0xtqblw1w5y4c55jxrvoupm5", "fields": {"session_data": ".eJxVjDsOwjAQBe_iGln-xg4lPWew1rtrHECOFCcV4u4QKQW0b2beSyTY1pq2zkuaSJyFFqffLQM-uO2A7tBus8S5rcuU5a7Ig3Z5nYmfl8P9O6jQ67cehmK8wxKN9cgOAchltpqM0tlGwhx8CRwLj8UFUMFh0KN1hQ16i0q8P_nvOGM:1nDo7a:DwLaGlks6qX14mZiZG5YpcTHRULbOUggSOpGHgjYJ_g", "expire_date": "2022-02-12T13:50:30.076Z"}}, {"model": "sessions.session", "pk": "sklwbztj0ba7ma415ev7qgx0gkk8nfex", "fields": {"session_data": "eyJuZXh0IjoiLyIsInZrLW9hdXRoMl9zdGF0ZSI6ImxYOFpsTmtIUkhLSmxyQ0JzQ2FZYUNydXdrd1N5bzROIn0:1n22Jt:GVnyt6FsAwWyZkVIWVdY6T-7WqIQEcHZmOoq8xSPBzU", "expire_date": "2022-01-11T02:34:33.205Z"}}, {"model": "sessions.session", "pk": "vlmrewckh57vzx7520ngi1s3qj51beti", "fields": {"session_data": ".eJxVjEsOAiEQBe_C2hCB5ufSvWcgNN3KqIFkmFkZ766TzEK3r6reS6S8LjWtg-c0kTgJJQ6_G-by4LYBuud267L0tswTyk2ROx3y0omf5939O6h51G8dSJuAZHNgpaNDci4W9CbE4Eh5o7J2AOyRdQRGAHOlI4FDsIqiteL9AdWON1o:1nD4E1:iif6HSwSetPqnO9U3hmRLRL9ZiZMSOnXvJ_trcDzKAg", "expire_date": "2022-02-10T12:50:05.255Z"}}, {"model": "sessions.session", "pk": "zuvayrmo9usglzsmyz832gqc59cax0ns", "fields": {"session_data": ".eJxVjEsOAiEQBe_C2hCB5ufSvWcgNN3KqIFkmFkZ766TzEK3r6reS6S8LjWtg-c0kTgJJQ6_G-by4LYBuud267L0tswTyk2ROx3y0omf5939O6h51G8dSJuAZHNgpaNDci4W9CbE4Eh5o7J2AOyRdQRGAHOlI4FDsIqiteL9AdWON1o:1n0bGx:vvw9HURol0Gg2ENI2Yl2DOZmwpvZbts-6Yy7EIhT8is", "expire_date": "2022-01-07T03:29:35.534Z"}}, {"model": "social_django.usersocialauth", "pk": 1, "fields": {"user": 29, "provider": "vk-oauth2", "uid": "14741365", "extra_data": "{\"auth_time\": 1641993972, \"id\": 14741365, \"expires\": 86400, \"access_token\": \"8c3cab2a2ab03bffb3ee3eeb3e4028a0c1c832a03e5f3c3b4c2b38ff8eedcda0fabdc61d4624ba3b61cc0\", \"token_type\": null}", "created": "2021-12-27T12:43:36.837Z", "modified": "2022-01-12T13:26:12.414Z"}}, {"model": "ordersapp.order", "pk": 1, "fields": {"user": 29, "status": "FM", "is_active": false, "created_at": "2022-01-04", "updated_at": "2022-01-04"}}, {"model": "ordersapp.order", "pk": 2, "fields": {"user": 29, "status": "FM", "is_active": false, "created_at": "2022-01-12", "updated_at": "2022-01-12"}}, {"model": "ordersapp.order", "pk": 3, "fields": {"user": 29, "status": "FM", "is_active": true, "created_at": "2022-01-28", "updated_at": "2022-01-28"}}, {"model": "ordersapp.order", "pk": 4, "fields": {"user": 29, "status": "FM", "is_active": true, "created_at": "2022-01-12", "updated_at": "2022-01-12"}}, {"model": "ordersapp.orderitem", "pk": 1, "fields": {"order": 1, "product": 1, "quantity": 5}}, {"model": "ordersapp.orderitem", "pk": 2, "fields": {"order": 2, "product": 1, "quantity": 4}}, {"model": "ordersapp.orderitem", "pk": 3, "fields": {"order": 3, "product": 1, "quantity": 7}}, {"model": "ordersapp.orderitem", "pk": 4, "fields": {"order": 1, "product": 16, "quantity": 2}}, {"model": "ordersapp.orderitem", "pk": 5, "fields": {"order": 4, "product": 9, "quantity": 1}}, {"model": "ordersapp.orderitem", "pk": 6, "fields": {"order": 4, "product": 2, "quantity": 1}}, {"model": "ordersapp.orderitem", "pk": 7, "fields": {"order": 3, "product": 20, "quantity": 3}}, {"model": "ordersapp.orderitem", "pk": 8, "fields": {"order": 3, "product": 11, "quantity": 3}}, {"model": "ordersapp.orderitem", "pk": 9, "fields": {"order": 3, "product": 19, "quantity": 4}}, {"model": "ordersapp.orderitem", "pk": 10, "fields": {"order": 3, "product": 19, "quantity": 6}}, {"model": "mainapp.productcategory", "pk": 1, "fields": {"name": "дом", "description": "ќтлична€ мебель дл€ домашнего интерьера", "is_active": true}}, {"model": "mainapp.productcategory", "pk": 2, "fields": {"name": "офис", "description": "—тильна€ мебель дл€ офисного интерьера", "is_active": true}}, {"model": "mainapp.productcategory", "pk": 3, "fields": {"name": "модерн", "description": "ћебель в стиле ћќƒ≈–Ќ подойдет дл€ любого интерьера", "is_active": true}}, {"model": "mainapp.productcategory", "pk": 4, "fields": {"name": "классика", "description": " лассический стиль актуален в любые времена", "is_active": true}}, {"model": "mainapp.productcategory", "pk": 5, "fields": {"name": "New category", "description": "Test New category1", "is_active": true}}, {"model": "mainapp.productcategory", "pk": 23, "fields": {"name": "Some tools", "description": "for adualts only", "is_active": true}}, {"model": "mainapp.productcategory", "pk": 24, "fields": {"name": "prikaz", "description": "з", "is_active": true}}, {"model": "mainapp.product", "pk": 1, "fields": {"category": 3, "name": "VEDBO ¬≈ƒЅ”", "image": "products/product-1.jpg", "short_desc": " ресло c высокой спинкой", "description": "»з плавных, но четких линий складываютс€ из€щные очертани€. »зогнута€ спинка этого кресла обеспечивает надежную поддержку в области по€сницы. ј темно-розовый цвет создает теплую и бодрую атмосферу", "price": "16999.00", "quantity": 58, "is_active": true}}, {"model": "mainapp.product", "pk": 2, "fields": {"category": 1, "name": "STRANDMON —“–јЌƒћќЌ", "image": "products/product-2.jpg", "short_desc": " ресло, √уннаред синий", "description": "»з плавных, но четких линий складываютс€ из€щные очертани€. »деальное решение дл€ тех, кому нужно личное пространство на свежем воздухе, но с возможностью общатьс€ с другими. —иний цвет создает умиротворенную и прит€гательную атмосферу.", "price": "12999.00", "quantity": 63, "is_active": true}}, {"model": "mainapp.product", "pk": 3, "fields": {"category": 2, "name": "ALEFJALL јЋ≈‘№≈ЋЋ№", "image": "products/product-3.jpg", "short_desc": "–абочий стул, √ранн золотисто-коричневый", "description": "ќбивка из натуральной кожи обеспечивает м€гкость и комфорт, а регулируемые наклон и высота сидень€ и спинки Ч оптимальную опору. Ётот стул прослужит вам долгие годы.", "price": "17999.00", "quantity": 65, "is_active": true}}, {"model": "mainapp.product", "pk": 4, "fields": {"category": 2, "name": "LANGFJALL ЋќЌ√‘№≈ЋЋ№", "image": "products/product-4.jpg", "short_desc": "–абочий стул с подлокотниками, √уннаред бежевый/белый", "description": "Ѕлагодар€ плавно изогнутым лини€м, подчеркнутым отстроченными детал€ми, этот стул прекрасно выгл€дит и удобен дл€ сид€щего на нем человека. ћеханизм, регулирующий амплитуду качани€ и высоту сидень€, обеспечит долгие годы комфортного использовани€.", "price": "8999.00", "quantity": 21, "is_active": true}}, {"model": "mainapp.product", "pk": 5, "fields": {"category": 4, "name": "BUSKBO Ѕ”— Ѕ”", "image": "products/product-5.jpg", "short_desc": " ресло, ротанг", "description": "»зготовлено вручную из натурального ротанга, что придает каждому креслу уникальность. Ћегкое и воздушное, но при этом устойчивое кресло, в котором так при€тно уютно устроитьс€ с книгой.", "price": "8499.00", "quantity": 63, "is_active": true}}, {"model": "mainapp.product", "pk": 6, "fields": {"category": 4, "name": "GRONADAL", "image": "products/product-6.jpg", "short_desc": " ресло-качалка, серый/естественный", "description": "—иденье и спинка сплетены вручную, что придает каждому креслу √–®ЌјƒјЋ№ уникальный облик.", "price": "11999.00", "quantity": 62, "is_active": true}}, {"model": "mainapp.product", "pk": 7, "fields": {"category": 4, "name": "POANG ѕќЁЌ√", "image": "products/product-7.jpg", "short_desc": " ресло-качалка, дубовый шпон, беленый/’или бежевый", "description": "ћногослойный изогнутый дерев€нный каркас придает креслу дополнительную упругость. ќно просто создано дл€ идеального отдыха.", "price": "12499.00", "quantity": 56, "is_active": true}}, {"model": "mainapp.product", "pk": 8, "fields": {"category": 3, "name": "POANG", "image": "products/product-8.jpg", "short_desc": " ресло, черно-коричневый/√лосе белый с оттенком", "description": "ћногослойный изогнутый дерев€нный каркас придает креслу дополнительную упругость. ќно просто создано дл€ идеального отдыха.", "price": "14499.00", "quantity": 58, "is_active": true}}, {"model": "mainapp.product", "pk": 9, "fields": {"category": 3, "name": "VIMLE ¬»ћЋ≈", "image": "products/product-9.jpg", "short_desc": " ресло, √ранн/Ѕумстад золотисто-коричневый", "description": "—екции ¬»ћЋ≈ можно по-разному комбинировать, чтобы создать диван, максимально соответствующий вашим потребност€м и возможност€м помещени€.  роме того, комбинацию в любой момент можно дополнить или изменить.", "price": "39999.00", "quantity": 55, "is_active": true}}, {"model": "mainapp.product", "pk": 10, "fields": {"category": 3, "name": "LIDHULT Ћ»ƒ√”Ћ№“", "image": "products/product-10.jpg", "short_desc": " озетка, √ранн/Ѕумстад золотисто-коричневый", "description": "Ќезависимые пружины обеспечивают комфортную поддержку и повтор€ют изгибы тела.  озетка отличаетс€ особым удобством благодар€ верхнему слою м€гкого наполнител€ из шариков волокна. ¬ысока€ спинка и поддержка шеи дл€ максимального комфорта.", "price": "75000.00", "quantity": 59, "is_active": true}}, {"model": "mainapp.product", "pk": 12, "fields": {"category": 2, "name": "000", "image": "products/IMG_20191011_001826_smX8nK8.jpg", "short_desc": "зеленый куб", "description": "синий шар", "price": "100.00", "quantity": 123, "is_active": true}}, {"model": "mainapp.product", "pk": 13, "fields": {"category": 1, "name": "ку", "image": "products/0-02-0a-0acf9883c9c90747f8f19b5863fa55a172ef43eb34956c279bf5726218b0c2dc__md7Ak1P.jpg", "short_desc": "кеу", "description": "укеукр", "price": "333.00", "quantity": 53, "is_active": true}}, {"model": "mainapp.product", "pk": 14, "fields": {"category": 1, "name": "нл", "image": "products/0-02-0a-0bab6af1d6b030f7819ce47b2e5624283d105ebc518ac1ffa9f7f2c0d85794ba_20dfdbe8.jpg", "short_desc": "нлв", "description": "влнее", "price": "11.00", "quantity": 51, "is_active": true}}, {"model": "mainapp.product", "pk": 15, "fields": {"category": 1, "name": "кыуп", "image": "products/0-02-0a-0c240fb384de724ac8933f648868cc4e7ec97077aaf825669a163c2149290e1d__vZrhBIt.jpg", "short_desc": "ыкер", "description": "ыеко", "price": "11.00", "quantity": 51, "is_active": true}}, {"model": "mainapp.product", "pk": 16, "fields": {"category": 2, "name": "frsg", "image": "products/изображение_viber_2021-10-22_09-44-23-983.jpg", "short_desc": "sfd", "description": "sfdfsdf", "price": "11.00", "quantity": 52, "is_active": true}}, {"model": "mainapp.product", "pk": 17, "fields": {"category": 2, "name": "653", "image": "products/IMG_20191010_175848.jpg", "short_desc": "3568", "description": "365858", "price": "6588.00", "quantity": 585, "is_active": true}}, {"model": "mainapp.product", "pk": 18, "fields": {"category": 1, "name": "€€€€", "image": "products/0-02-0a-5081be11553b58d039692426b14d3d918018717414efe960687e5eb1c3d5a458__asvIfMP.jpg", "short_desc": "€€€€€€€", "description": "аллллллл", "price": "111.00", "quantity": 61, "is_active": true}}, {"model": "mainapp.product", "pk": 19, "fields": {"category": 1, "name": "111", "image": "products/IMG_20191010_175848.jpg", "short_desc": "1", "description": "1111111111", "price": "1.00", "quantity": 41, "is_active": true}}, {"model": "mainapp.product", "pk": 20, "fields": {"category": 1, "name": " иса", "image": "products/product-6.jpg", "short_desc": " иса-мурыса", "description": " иса-мурыса иса-мурыса иса-мурыса иса-мурыса иса-мурыса иса-мурыса иса-мурыса иса-мурыса иса-мурыса иса-мурыса иса-мурыса иса-мурыса иса-мурыса иса-мурыса иса-мурыса иса-мурыса иса-мурыса иса-мурыса иса-мурыса иса-мурыса иса-мурыса иса-мурыса", "price": "10.00", "quantity": 69, "is_active": true}}, {"model": "mainapp.product", "pk": 21, "fields": {"category": 1, "name": "111111", "image": "products/product-6.jpg", "short_desc": "11111111", "description": "1111111", "price": "11.00", "quantity": 59, "is_active": true}}, {"model": "mainapp.product", "pk": 22, "fields": {"category": 2, "name": "22", "image": "", "short_desc": "22", "description": "22", "price": "2.00", "quantity": 52, "is_active": true}}, {"model": "mainapp.product", "pk": 23, "fields": {"category": 2, "name": "22", "image": "", "short_desc": "22", "description": "22", "price": "2.00", "quantity": 53, "is_active": true}}, {"model": "mainapp.product", "pk": 24, "fields": {"category": 2, "name": "2", "image": "", "short_desc": "2", "description": "2", "price": "2.00", "quantity": 51, "is_active": true}}, {"model": "mainapp.product", "pk": 25, "fields": {"category": 2, "name": "222222", "image": "", "short_desc": "2", "description": "2", "price": "2.00", "quantity": 53, "is_active": true}}, {"model": "mainapp.product", "pk": 26, "fields": {"category": 1, "name": "»Ћ№’ќћ", "image": "products/PICT0074.jpg", "short_desc": "11111111111111", "description": "»Ћ№’ќћ", "price": "11.00", "quantity": 1112, "is_active": true}}, {"model": "mainapp.product", "pk": 27, "fields": {"category": 1, "name": "1", "image": "", "short_desc": "1", "description": "1", "price": "1.00", "quantity": 53, "is_active": true}}, {"model": "authapp.shopuser", "pk": 1, "fields": {"password": "pbkdf2_sha256$320000$tBaFGLXWKUowud0erizO2z$e0+hdmmFZKJ8jLnKtMo9hEHyFiQb9w8j7pHsKpQc8Fo=", "last_login": "2022-02-01T02:49:09.445Z", "is_superuser": true, "username": "django", "first_name": "Super_", "last_name": "User", "email": "django@geekshop.local", "is_staff": true, "is_active": true, "date_joined": "2021-12-05T15:15:11Z", "avatar": "user/product-61.jpg", "age": 18, "activation_key": null, "activation_key_expired": null, "groups": [], "user_permissions": []}}, {"model": "authapp.shopuser", "pk": 2, "fields": {"password": "pbkdf2_sha256$320000$Bg5KRe404Cbc40UTP2RtZG$OXcrmyHclWA1a4qTvS4j1zZEmwiW5qnpyDE2q1WeTtU=", "last_login": "2021-12-09T17:37:14Z", "is_superuser": false, "username": "django1", "first_name": "—ергей", "last_name": "—ергеев", "email": "django1@django1.com", "is_staff": false, "is_active": true, "date_joined": "2021-12-08T11:24:29Z", "avatar": "user/IMG_20191011_010004.jpg", "age": 182, "activation_key": null, "activation_key_expired": null, "groups": [], "user_permissions": [3]}}, {"model": "authapp.shopuser", "pk": 3, "fields": {"password": "pbkdf2_sha256$320000$pXLarbmACvLpFn8gG4RwRa$FLQjMxz2iXhRaRNJ+sFB9m6KLkzwtdLxT1GiWbEZ99s=", "last_login": "2021-12-12T11:18:22Z", "is_superuser": true, "username": "django2", "first_name": "Ќет", "last_name": "»дей", "email": "django2@django2.com", "is_staff": false, "is_active": true, "date_joined": "2021-12-12T11:18:17Z", "avatar": "user/IMG_20191011_113013.jpg", "age": 181, "activation_key": null, "activation_key_expired": null, "groups": [], "user_permissions": []}}, {"model": "authapp.shopuser", "pk": 4, "fields": {"password": "pbkdf2_sha256$320000$wgyu8jOLNdOX8MvB6qtStV$BDRi6ofrSl/AI87NLN+x3TGQZNnBGEw7COgyspcxj0w=", "last_login": null, "is_superuser": false, "username": "ivan", "first_name": "»ван", "last_name": "»ванов", "email": "django3@geekshop.local", "is_staff": false, "is_active": true, "date_joined": "2021-12-13T03:05:34Z", "avatar": "user/IMG_20191010_175848.jpg", "age": 23, "activation_key": null, "activation_key_expired": null, "groups": [], "user_permissions": []}}, {"model": "authapp.shopuser", "pk": 5, "fields": {"password": "pbkdf2_sha256$320000$j6UsAlGd9Gr8NmY1mOXtMX$HVNdwmKnMfu3GE9WKRO4ChyKgLx6y6s4i74Dg5NfC40=", "last_login": null, "is_superuser": false, "username": "django4", "first_name": "ƒжанго ƒжангович", "last_name": "ƒжангов", "email": "django4@django4.com", "is_staff": false, "is_active": true, "date_joined": "2021-12-13T05:05:11Z", "avatar": "user/IMG_20191013_111728.jpg", "age": 45, "activation_key": null, "activation_key_expired": null, "groups": [], "user_permissions": []}}, {"model": "authapp.shopuser", "pk": 6, "fields": {"password": "pbkdf2_sha256$320000$0kayqc7i0DFwnhllgNn6rU$BXsNOVxAC3ufpW48f7RGU1p8mvmhC8oo0/cAaXJYq1c=", "last_login": null, "is_superuser": false, "username": "django5", "first_name": "tg", "last_name": "", "email": "", "is_staff": false, "is_active": false, "date_joined": "2021-12-13T05:30:02Z", "avatar": "user/PICT0025.jpg", "age": 18, "activation_key": null, "activation_key_expired": null, "groups": [], "user_permissions": []}}, {"model": "authapp.shopuser", "pk": 7, "fields": {"password": "pbkdf2_sha256$320000$ZpwILtIYFJ31u7gpp06mhl$0+h0BOVRJRKwmoaTw81RfEA7xPYyo191+Il4FZbz2Mk=", "last_login": "2021-12-24T03:07:32.727Z", "is_superuser": false, "username": "django55", "first_name": "Bez Foto Test", "last_name": "", "email": "Bez@foto.test", "is_staff": false, "is_active": true, "date_joined": "2021-12-20T03:10:57.954Z", "avatar": "", "age": 183, "activation_key": null, "activation_key_expired": null, "groups": [], "user_permissions": []}}, {"model": "authapp.shopuser", "pk": 22, "fields": {"password": "pbkdf2_sha256$320000$753rmBPObdbf5VrV6BzFzS$B+X8T0gVTaDahyw2Zill1L6NQ1R8eU/XU/P2XfJa9NU=", "last_login": null, "is_superuser": false, "username": "django444", "first_name": "django44", "last_name": "", "email": "django44@django44.django44", "is_staff": false, "is_active": false, "date_joined": "2021-12-26T10:27:13.230Z", "avatar": "", "age": 18, "activation_key": "6e44c27fe34e4ff6b84327d1bcff45f3e9a43c43", "activation_key_expired": "2021-12-28T13:27:13.888Z", "groups": [], "user_permissions": []}}, {"model": "authapp.shopuser", "pk": 23, "fields": {"password": "pbkdf2_sha256$320000$APxg2wjWcjUNfHL9gkhbTa$b+3RsaVvaqbT1s6YPkFTNSt6bmE7BMdwcYn/E5SEOeI=", "last_login": "2021-12-26T11:06:51.535Z", "is_superuser": false, "username": "django555", "first_name": "555", "last_name": "", "email": "555@55.55", "is_staff": false, "is_active": false, "date_joined": "2021-12-26T10:58:29.579Z", "avatar": "", "age": 18, "activation_key": null, "activation_key_expired": null, "groups": [], "user_permissions": []}}, {"model": "authapp.shopuser", "pk": 24, "fields": {"password": "pbkdf2_sha256$320000$sODLY7bq5nr4nwFHEKENDp$EC6m8uNHV3b2hPDbgi/dj+11CgYRojym3Xidoi8lIb4=", "last_login": null, "is_superuser": false, "username": "django5555", "first_name": "5555", "last_name": "", "email": "5555@55.55", "is_staff": false, "is_active": false, "date_joined": "2021-12-26T11:14:13.515Z", "avatar": "", "age": 18, "activation_key": "861fb4bfc8748ae9286944531b2445f7388560f4", "activation_key_expired": "2021-12-26T14:14:13.953Z", "groups": [], "user_permissions": []}}, {"model": "authapp.shopuser", "pk": 25, "fields": {"password": "pbkdf2_sha256$320000$sG4O4kdPRyQiB96NizzRLw$2pJbNwnk7G08lJuW1KCmKVf+IWkHHEl82t//lOIrg9o=", "last_login": "2021-12-26T11:48:44.170Z", "is_superuser": false, "username": "django2222", "first_name": "222", "last_name": "", "email": "222@222.222", "is_staff": false, "is_active": false, "date_joined": "2021-12-26T11:22:02.549Z", "avatar": "", "age": 222, "activation_key": null, "activation_key_expired": null, "groups": [], "user_permissions": []}}, {"model": "authapp.shopuser", "pk": 26, "fields": {"password": "pbkdf2_sha256$320000$xcU3dtHsRjCxzIMLIcdsii$wr0ckcMbNjeNR1ZPtQ87ORMnzvwQ1PWzPbqYwFdVB1Y=", "last_login": "2021-12-26T11:52:42.018Z", "is_superuser": false, "username": "django4444444", "first_name": "django4444444", "last_name": "", "email": "django4444444@tut.by", "is_staff": false, "is_active": false, "date_joined": "2021-12-26T11:52:16.086Z", "avatar": "", "age": 18, "activation_key": null, "activation_key_expired": null, "groups": [], "user_permissions": []}}, {"model": "authapp.shopuser", "pk": 27, "fields": {"password": "pbkdf2_sha256$320000$dEfsLCv4xNHLxdVk2qO2Qm$koGqK6TTaXn4059ZFZCOU30c0sOdsr0WO+RVt/aVmkY=", "last_login": "2021-12-26T11:54:52.420Z", "is_superuser": false, "username": "django5512", "first_name": "django5512", "last_name": "", "email": "django5512@django5512.django5512", "is_staff": false, "is_active": false, "date_joined": "2021-12-26T11:54:38.360Z", "avatar": "", "age": 18, "activation_key": null, "activation_key_expired": null, "groups": [], "user_permissions": []}}, {"model": "authapp.shopuser", "pk": 28, "fields": {"password": "pbkdf2_sha256$320000$imIOMkc7RrYNUWlZOJFAZn$FX9fRKJgTaMQXOKLCCFIoIQcv6ublfxMFemOuX7paH8=", "last_login": "2021-12-26T11:59:31.290Z", "is_superuser": false, "username": "django55122", "first_name": "django55122", "last_name": "", "email": "django55122@django55122.django55122", "is_staff": false, "is_active": false, "date_joined": "2021-12-26T11:59:10.222Z", "avatar": "", "age": 18, "activation_key": null, "activation_key_expired": null, "groups": [], "user_permissions": []}}, {"model": "authapp.shopuser", "pk": 29, "fields": {"password": "!jZ2bsVHT4f0rfXTh4P1bKHgitNxHOhRhLd7HDLxK", "last_login": "2022-01-12T13:26:12.702Z", "is_superuser": true, "username": "id14741365", "first_name": "ёрий", "last_name": "–ожков", "email": "", "is_staff": false, "is_active": true, "date_joined": "2021-12-27T12:43:36Z", "avatar": "user/29.jpg", "age": 39, "activation_key": null, "activation_key_expired": null, "groups": [], "user_permissions": []}}, {"model": "authapp.shopuserprofile", "pk": 1, "fields": {"user": 1, "tagline": "", "aboutMe": "", "gender": ""}}, {"model": "authapp.shopuserprofile", "pk": 2, "fields": {"user": 2, "tagline": "", "aboutMe": "", "gender": ""}}, {"model": "authapp.shopuserprofile", "pk": 3, "fields": {"user": 3, "tagline": "", "aboutMe": "", "gender": ""}}, {"model": "authapp.shopuserprofile", "pk": 4, "fields": {"user": 4, "tagline": "", "aboutMe": "", "gender": ""}}, {"model": "authapp.shopuserprofile", "pk": 5, "fields": {"user": 5, "tagline": "", "aboutMe": "", "gender": ""}}, {"model": "authapp.shopuserprofile", "pk": 6, "fields": {"user": 6, "tagline": "", "aboutMe": "", "gender": ""}}, {"model": "authapp.shopuserprofile", "pk": 7, "fields": {"user": 7, "tagline": "", "aboutMe": "", "gender": ""}}, {"model": "authapp.shopuserprofile", "pk": 8, "fields": {"user": 22, "tagline": "", "aboutMe": "", "gender": ""}}, {"model": "authapp.shopuserprofile", "pk": 9, "fields": {"user": 23, "tagline": "", "aboutMe": "", "gender": ""}}, {"model": "authapp.shopuserprofile", "pk": 10, "fields": {"user": 24, "tagline": "", "aboutMe": "", "gender": ""}}, {"model": "authapp.shopuserprofile", "pk": 11, "fields": {"user": 25, "tagline": "", "aboutMe": "", "gender": ""}}, {"model": "authapp.shopuserprofile", "pk": 12, "fields": {"user": 26, "tagline": "", "aboutMe": "", "gender": ""}}, {"model": "authapp.shopuserprofile", "pk": 13, "fields": {"user": 27, "tagline": "", "aboutMe": "", "gender": ""}}, {"model": "authapp.shopuserprofile", "pk": 14, "fields": {"user": 28, "tagline": "", "aboutMe": "", "gender": ""}}, {"model": "authapp.shopuserprofile", "pk": 15, "fields": {"user": 29, "tagline": "", "aboutMe": "Burzuy", "gender": "M"}}, {"model": "basketapp.basket", "pk": 6, "fields": {"user": 2, "product": 8, "quantity": 6, "created_at": "2021-12-08T11:24:41.675Z"}}, {"model": "basketapp.basket", "pk": 96, "fields": {"user": 1, "product": 24, "quantity": 1, "created_at": "2022-01-29T13:53:00.390Z"}}, {"model": "basketapp.basket", "pk": 97, "fields": {"user": 1, "product": 10, "quantity": 1, "created_at": "2022-01-29T13:53:02.274Z"}}, {"model": "basketapp.basket", "pk": 98, "fields": {"user": 1, "product": 15, "quantity": 1, "created_at": "2022-01-29T13:53:04.157Z"}}, {"model": "basketapp.basket", "pk": 99, "fields": {"user": 1, "product": 1, "quantity": 1, "created_at": "2022-01-29T13:53:05.815Z"}}]